Count,Date,Stage,ResultNote,Home,Score,Away,MatchNotes,MatchNotes,MatchNotes,MatchNotes,MatchNotes,MatchNotes,MatchNotes,MatchNotes,MatchNotes,MatchNotes,MatchNotes,MatchNotes,MatchNotes,MatchNotes,MatchNotes,MatchNotes,MatchNotes
20 === ,10 July 1960 ,Final,Full time »,USSR,2-1,Yugoslavia,USSR win after extra time , ,(,aet,) ,Referee,not available, ,Stadium,:,Parc des Princes, ,Paris (FRA) ,,,,
9 === ,9 July 1960 ,Third place,Full time »,Czechoslovakia,2-0,France,Referee: Cesare Jonni (ITA)   – Stadium: Stade Vélodrome, Marseille (FRA) ,,,,,,,,,,,,,,,
15 === ,6 July 1960 ,Semi-finals,Full time »,France,4-5,Yugoslavia,Referee,not available, ,Stadium,:,Parc des Princes, ,Paris (FRA) ,,,,,,,,,
14 === ,6 July 1960 ,Semi-finals,Full time »,Czechoslovakia,0-3,USSR,Referee,Cesare Jonni (ITA)  ,Stadium,:,Stade Vélodrome, ,Marseille (FRA) ,,,,,,,,,,
19 === ,29 May 1960 ,Quarter-finals,Full time »,Czechoslovakia,3-0,Romania,Aggregate: 5-0, ,(,agg,: 5-0) ,Referee,Leif Gulliksen (NOR)  ,Stadium,:,Tehelné Pole, ,Bratislava (SVK) ,,,,,
13 === ,29 May 1960 ,Quarter-finals,Match forfeited »,USSR, - ,Spain,Match forfeited ,f ,Referee,not available, ,,,,,,,,,,,,
14 === ,22 May 1960 ,Quarter-finals,Full time »,Romania,0-2,Czechoslovakia,Referee,Andor Dorogi (HUN)  ,Stadium,:,23 August, ,Bucharest (ROU) ,,,,,,,,,,
19 === ,22 May 1960 ,Quarter-finals,Full time »,Yugoslavia,5-1,Portugal,Aggregate: 6-3, ,(,agg,: 6-3) ,Referee,Alfred Stoll (AUT)  ,Stadium,:,Stadion FK Partizan, ,Belgrade (SRB) ,,,,,
17 === ,22 May 1960 ,Quarter-finals,Match forfeited »,Spain, - ,USSR,Match forfeited ,f ,Referee,not available, ,Stadium,:,Estadio Santiago Bernabéu, ,Madrid (ESP) ,,,,,,,
9 === ,8 May 1960 ,Quarter-finals,Full time »,Portugal,2-1,Yugoslavia,Referee: Joseph Barbéran (FRA)   – Stadium: Nacional Do Jamor, Oeiras (POR) ,,,,,,,,,,,,,,,
11 === ,27 March 1960 ,Quarter-finals,Full time »,Austria,2-4,France,Aggregate: 4-9, ,Referee: Leo Helge (DEN)   – Stadium: Ernst-Happel-Stadion, Vienna (AUT) ,,,,,,,,,,,,,
9 === ,13 December 1959 ,Quarter-finals,Full time »,France,5-2,Austria,Referee: Manuel Martin Asensi (ESP)   – Stadium: Olympique, Paris (FRA) ,,,,,,,,,,,,,,,
13 === ,25 October 1959 ,Eighth-finals,Full time »,Bulgaria,1-1,Yugoslavia,Aggregate: 1-3, ,Referee: ,not available,  – Stadium: Natsionalen Stadion Vasil Levski, Sofia (BUL) ,,,,,,,,,,,
11 === ,18 October 1959 ,Eighth-finals,Full time »,Czechoslovakia,5-1,Denmark,Aggregate: 7-3, ,Referee: Helmut Köhler (GER)   – Stadium: Mestský, Brno (CZE) ,,,,,,,,,,,,,
13 === ,14 October 1959 ,Eighth-finals,Full time »,Spain,3-0,Poland,Aggregate: 7-2, ,Referee: ,not available,  – Stadium: Estadio Santiago Bernabéu, Madrid (ESP) ,,,,,,,,,,,
11 === ,27 September 1959 ,Eighth-finals,Full time »,Hungary,0-1,USSR,Aggregate: 1-4, ,Referee: Jozef Kowal (POL)   – Stadium: Ferenc Puskás, Budapest (HUN) ,,,,,,,,,,,,,
14 === ,23 September 1959 ,Round of 16,Full time »,Denmark,2-2,Czechoslovakia,Referee,Johan Bronkhorst (NED)  ,Stadium,:,Telia Parken, ,Copenhagen (DEN) ,,,,,,,,,,
20 === ,23 September 1959 ,Round of 16,Full time »,Austria,5-2,Norway,Aggregate: 6-2, ,(,agg,: 6-2) ,Referee,not available, ,Stadium,:,Ernst-Happel-Stadion, ,Vienna (AUT) ,,,,
11 === ,28 June 1959 ,Eighth-finals,Full time »,Portugal,3-2,German Dem. Rep.,Aggregate: 5-2, ,Referee: Juan Garay Gardeazabal (ESP)   – Stadium: As Antas, Porto (POR) ,,,,,,,,,,,,,
11 === ,28 June 1959 ,Eighth-finals,Full time »,Poland,2-4,Spain,Referee: ,not available,  – Stadium: Slaski, Chorzow (POL) ,,,,,,,,,,,,,
9 === ,21 June 1959 ,Eighth-finals,Full time »,German Dem. Rep.,0-2,Portugal,Referee: Alois Obtulovic (TCH)   – Stadium: Walter-Ulbricht, Berlin (GER) ,,,,,,,,,,,,,,,
11 === ,31 May 1959 ,Eighth-finals,Full time »,Yugoslavia,2-0,Bulgaria,Referee: ,not available,  – Stadium: Stadion FK Partizan, Belgrade (SRB) ,,,,,,,,,,,,,
15 === ,20 May 1959 ,Round of 16,Full time »,Norway,0-1,Austria,Referee,not available, ,Stadium,:,Ullevaal Stadion, ,Oslo (NOR) ,,,,,,,,,
20 === ,10 May 1959 ,Preliminary round,Full time »,Czechoslovakia,4-0,Republic of Ireland,Aggregate: 4-2, ,(,agg,: 4-2) ,Referee,not available, ,Stadium,:,Tehelné Pole, ,Bratislava (SVK) ,,,,
13 === ,26 April 1959 ,Eighth-finals,Full time »,Turkey,2-0,Romania,Aggregate: 2-3, ,Referee: ,not available,  – Stadium: BJK İnönü Stadyumu, Istanbul (TUR) ,,,,,,,,,,,
15 === ,5 April 1959 ,Preliminary round,Full time »,Republic of Ireland,2-0,Czechoslovakia,Referee,not available, ,Stadium,:,Dalymount Park, ,Dublin (IRL) ,,,,,,,,,
11 === ,3 December 1958 ,Eighth-finals,Full time »,Greece,1-1,France,Aggregate: 2-8, ,Referee: Vincenzo Orlandini (ITA)   – Stadium: OAKA Spiros Louis, Athens (GRE) ,,,,,,,,,,,,,
11 === ,2 November 1958 ,Eighth-finals,Full time »,Romania,3-0,Turkey,Referee: ,not available,  – Stadium: 23 August, Bucharest (ROU) ,,,,,,,,,,,,,
9 === ,1 October 1958 ,Eighth-finals,Full time »,France,7-1,Greece,Referee: Gottfried Drienst (SUI)   – Stadium: Parc des Princes, Paris (FRA) ,,,,,,,,,,,,,,,
9 === ,28 September 1958 ,Eighth-finals,Full time »,USSR,3-1,Hungary,Referee: Alfred Grill (AUT)   – Stadium: Stadion Luzhniki, Moscow (RUS) ,,,,,,,,,,,,,,,
15 === ,21 June 1964 ,Final,Full time »,Spain,2-1,USSR,Referee,not available, ,Stadium,:,Estadio Santiago Bernabéu, ,Madrid (ESP) ,,,,,,,,,
20 === ,20 June 1964 ,Third place,Full time »,Hungary,3-1,Denmark,Hungary win after extra time , ,(,aet,) ,Referee,not available, ,Stadium,:,Camp Nou, ,Barcelona (ESP) ,,,,
20 === ,17 June 1964 ,Semi-finals,Full time »,Spain,2-1,Hungary,Spain win after extra time , ,(,aet,) ,Referee,not available, ,Stadium,:,Estadio Santiago Bernabéu, ,Madrid (ESP) ,,,,
15 === ,17 June 1964 ,Semi-finals,Full time »,Denmark,0-3,USSR,Referee,not available, ,Stadium,:,Camp Nou, ,Barcelona (ESP) ,,,,,,,,,
11 === ,27 May 1964 ,Quarter-finals,Full time »,USSR,3-1,Sweden,Aggregate: 4-2, ,Referee: Arthur Holland (ENG)   – Stadium: Stadion Luzhniki, Moscow (RUS) ,,,,,,,,,,,,,
11 === ,23 May 1964 ,Quarter-finals,Full time »,Hungary,2-1,France,Aggregate: 5-2, ,Referee: Rosario Lo Bello (ITA)   – Stadium: Ferenc Puskás, Budapest (HUN) ,,,,,,,,,,,,,
9 === ,13 May 1964 ,Quarter-finals,Full time »,Sweden,1-1,USSR,Referee: James Finney (ENG)   – Stadium: Råsundastadion, Solna (SWE) ,,,,,,,,,,,,,,,
9 === ,25 April 1964 ,Quarter-finals,Full time »,France,1-3,Hungary,Referee: Cesare Jonni (ITA)   – Stadium: Olympique, Paris (FRA) ,,,,,,,,,,,,,,,
20 === ,8 April 1964 ,Quarter-finals,Full time »,Republic of Ireland,0-2,Spain,Aggregate: 1-7, ,(,agg,: 1-7) ,Referee,not available, ,Stadium,:,Dalymount Park, ,Dublin (IRL) ,,,,
15 === ,11 March 1964 ,Quarter-finals,Full time »,Spain,5-1,Republic of Ireland,Referee,not available, ,Stadium,:,Estadio Ramón Sánchez Pizjuán, ,Seville (ESP) ,,,,,,,,,
23 === ,10 December 1963 ,Quarter-finals,Full time »,Denmark,2-2,Luxembourg,Aggregate: 5-5, Denmark win on away goals, ,(,ag,, ,agg,: 5-5) ,Referee,not available, ,Stadium,:,Telia Parken, ,Copenhagen (DEN) 
15 === ,4 December 1963 ,Quarter-finals,Full time »,Luxembourg,3-3,Denmark,Referee,not available, ,Stadium,:,Stade Josy Barthel, ,Luxembourg (LUX) ,,,,,,,,,
11 === ,10 November 1963 ,Eighth-finals,Full time »,Italy,1-1,USSR,Aggregate: 1-3, ,Referee: Daniel Mellet (SUI)   – Stadium: Stadio Olimpico, Rome (ITA) ,,,,,,,,,,,,,
11 === ,3 November 1963 ,Eighth-finals,Full time »,Hungary,3-3,German Dem. Rep.,Aggregate: 5-4, ,Referee: Borge Nedelkovski (SRB)   – Stadium: Ferenc Puskás, Budapest (HUN) ,,,,,,,,,,,,,
11 === ,30 October 1963 ,Eighth-finals,Full time »,Northern Ireland,0-1,Spain,Aggregate: 1-2, ,Referee: Andries van Leeuwen (NED)   – Stadium: Windsor Park, Belfast (NIR) ,,,,,,,,,,,,,
13 === ,30 October 1963 ,Eighth-finals,Full time »,Albania,1-0,Denmark,Aggregate: 1-4, ,Referee: ,not available,  – Stadium: Stadiumi Kombëtar Qemal Stafa, Tirana (ALB) ,,,,,,,,,,,
11 === ,30 October 1963 ,Eighth-finals,Full time »,Luxembourg,2-1,Netherlands,Aggregate: 3-2, ,Referee: Marcel Bois (FRA)   – Stadium: Feijenoord Stadion, Rotterdam (NED) ,,,,,,,,,,,,,
13 === ,26 October 1963 ,Eighth-finals,Full time »,France,3-1,Bulgaria,Aggregate: 3-2, ,Referee: ,not available,  – Stadium: Parc des Princes, Paris (FRA) ,,,,,,,,,,,
9 === ,19 October 1963 ,Eighth-finals,Full time »,German Dem. Rep.,1-2,Hungary,Referee: Petr Belov (URS)   – Stadium: Walter-Ulbricht, Berlin (GER) ,,,,,,,,,,,,,,,
20 === ,13 October 1963 ,Round of 16,Full time »,Republic of Ireland,3-2,Austria,Aggregate: 3-2, ,(,agg,: 3-2) ,Referee,not available, ,Stadium,:,Dalymount Park, ,Dublin (IRL) ,,,,
14 === ,13 October 1963 ,Round of 16,Full time »,USSR,2-0,Italy,Referee,Ryszard Banasiuk (POL)  ,Stadium,:,Stadion Luzhniki, ,Moscow (RUS) ,,,,,,,,,,
11 === ,29 September 1963 ,Eighth-finals,Full time »,Bulgaria,1-0,France,Referee: ,not available,  – Stadium: Natsionalen Stadion Vasil Levski, Sofia (BUL) ,,,,,,,,,,,,,
15 === ,25 September 1963 ,Round of 16,Full time »,Austria,0-0,Republic of Ireland,Referee,not available, ,Stadium,:,Ernst-Happel-Stadion, ,Vienna (AUT) ,,,,,,,,,
11 === ,18 September 1963 ,Eighth-finals,Full time »,Sweden,3-2,Yugoslavia,Aggregate: 3-2, ,Referee: John Keith Taylor (ENG)   – Stadium: Malmö Idrottsplats, Malmo (SWE) ,,,,,,,,,,,,,
9 === ,11 September 1963 ,Eighth-finals,Full time »,Netherlands,1-1,Luxembourg,Referee: Arthur Blavier (BEL)   – Stadium: Olympisch, Amsterdam (NED) ,,,,,,,,,,,,,,,
11 === ,29 June 1963 ,Eighth-finals,Full time »,Denmark,4-0,Albania,Referee: ,not available,  – Stadium: FC København Stadium, Copenhagen (DEN) ,,,,,,,,,,,,,
9 === ,19 June 1963 ,Eighth-finals,Full time »,Yugoslavia,0-0,Sweden,Referee: Karl Kainer (AUT)   – Stadium: Stadion FK Partizan, Belgrade (SRB) ,,,,,,,,,,,,,,,
9 === ,30 May 1963 ,Eighth-finals,Full time »,Spain,1-1,Northern Ireland,Referee: Cesare Jonni (ITA)   – Stadium: Estadio de San Mamés, Bilbao (ESP) ,,,,,,,,,,,,,,,
11 === ,10 June 1968 ,Final,Replay Full time »,Italy,2-0,Yugoslavia,Referee: José Maria Ortiz De Mendibil (ESP)   – Stadium: Stadio Olimpico, Rome (ITA) ,,,,,,,,,,,,,,,
9 === ,8 June 1968 ,Final,Full time »,Italy,1-1,Yugoslavia,Referee: Gottfried Drienst (SUI)   – Stadium: Stadio Olimpico, Rome (ITA) ,,,,,,,,,,,,,,,
9 === ,8 June 1968 ,Third place,Full time »,England,2-0,USSR,Referee: Istvan Zsolt (HUN)   – Stadium: Stadio Olimpico, Rome (ITA) ,,,,,,,,,,,,,,,
11 === ,5 June 1968 ,Semi-finals,Full time »,Italy,0-0,USSR,Italy win on toss of coin , ,Referee: Kurt Tschenscher (GER)   – Stadium: Stadio San Paolo, Naples (ITA) ,,,,,,,,,,,,,
9 === ,5 June 1968 ,Semi-finals,Full time »,Yugoslavia,1-0,England,Referee: José Maria Ortiz De Mendibil (ESP)   – Stadium: Stadio Artemio Franchi, Florence (ITA) ,,,,,,,,,,,,,,,
11 === ,11 May 1968 ,Quarter-finals,Full time »,USSR,3-0,Hungary,Aggregate: 3-2, ,Referee: Kurt Tschenscher (GER)   – Stadium: Stadion Luzhniki, Moscow (RUS) ,,,,,,,,,,,,,
11 === ,8 May 1968 ,Quarter-finals,Full time »,Spain,1-2,England,Aggregate: 1-3, ,Referee: Josef Krnavek (TCH)   – Stadium: Estadio Santiago Bernabéu, Madrid (ESP) ,,,,,,,,,,,,,
9 === ,4 May 1968 ,Quarter-finals,Full time »,Hungary,2-0,USSR,Referee: Laurens van Ravens (NED)   – Stadium: Ferenc Puskás, Budapest (HUN) ,,,,,,,,,,,,,,,
11 === ,24 April 1968 ,Quarter-finals,Full time »,Yugoslavia,5-1,France,Aggregate: 6-2, ,Referee: Paul Schiller (AUT)   – Stadium: Stadion FK Partizan, Belgrade (SRB) ,,,,,,,,,,,,,
11 === ,20 April 1968 ,Quarter-finals,Full time »,Italy,2-0,Bulgaria,Aggregate: 4-3, ,Referee: Gottfried Drienst (SUI)   – Stadium: Stadio San Paolo, Naples (ITA) ,,,,,,,,,,,,,
9 === ,6 April 1968 ,Quarter-finals,Full time »,France,1-1,Yugoslavia,Referee: Erwin Vetter (GER)   – Stadium: Stade Vélodrome, Marseille (FRA) ,,,,,,,,,,,,,,,
9 === ,6 April 1968 ,Quarter-finals,Full time »,Bulgaria,3-2,Italy,Referee: Gerhard Schulenburg (GER)   – Stadium: Natsionalen Stadion Vasil Levski, Sofia (BUL) ,,,,,,,,,,,,,,,
9 === ,3 April 1968 ,Quarter-finals,Full time »,England,1-0,Spain,Referee: Gilbert Droz (SUI)   – Stadium: Wembley, London (ENG) ,,,,,,,,,,,,,,,
,,,,,,,,,,,,,,,,,,,,,,,
,,,,,,,,,,,,,,,,,,,,,,,
,,,,,,,,,,,,,,,,,,,,,,,
,,,,,,,,,,,,,,,,,,,,,,,
9 === ,18 June 1972 ,Final,Full time »,West Germany,3-0,USSR,Referee: Ferdinand Marschall (AUT)   – Stadium: King Baudouin Stadium, Brussels (BEL) ,,,,,,,,,,,,,,,
9 === ,17 June 1972 ,Third place,Full time »,Hungary,1-2,Belgium,Referee: Johan Einar Boström (SWE)   – Stadium: Stade Maurice Dufrasne, Liege (BEL) ,,,,,,,,,,,,,,,
9 === ,14 June 1972 ,Semi-finals,Full time »,Hungary,0-1,USSR,Referee: Rudi Glöckner (GER)   – Stadium: Constant Vanden Stock Stadium, Brussels (BEL) ,,,,,,,,,,,,,,,
9 === ,14 June 1972 ,Semi-finals,Full time »,Belgium,1-2,West Germany,Referee: William J. Mullan (SCO)   – Stadium: Bosuil, Deurne (BEL) ,,,,,,,,,,,,,,,
11 === ,17 May 1972 ,Replay,Replay Full time »,Hungary,2-1,Romania,Referee: Christe Michas (GRE)   – Stadium: Stadion FK Partizan, Belgrade (SRB) ,,,,,,,,,,,,,,,
10 === ,14 May 1972 ,Quarter-finals,Full time »,Romania,2-2,Hungary, ,Referee: Kurt Tschenscher (GER)   – Stadium: 23 August, Bucharest (ROU) ,,,,,,,,,,,,,,
11 === ,13 May 1972 ,Quarter-finals,Full time »,USSR,3-0,Yugoslavia,Aggregate: 3-0, ,Referee: Aurelio Angonese (ITA)   – Stadium: Stadion Luzhniki, Moscow (RUS) ,,,,,,,,,,,,,
11 === ,13 May 1972 ,Quarter-finals,Full time »,West Germany,0-0,England,Aggregate: 3-1, ,Referee: Milivoje Gugulovic (SRB)   – Stadium: Friedrich-Ludwig-Jahn Sportpark, Berlin (GER) ,,,,,,,,,,,,,
11 === ,13 May 1972 ,Quarter-finals,Full time »,Belgium,2-1,Italy,Aggregate: 2-1, ,Referee: Paul Schiller (AUT)   – Stadium: Constant Vanden Stock Stadium, Brussels (BEL) ,,,,,,,,,,,,,
9 === ,30 April 1972 ,Quarter-finals,Full time »,Yugoslavia,0-0,USSR,Referee: Rudolf Scheurer (SUI)   – Stadium: Stadion FK Crvena zvezda, Belgrade (SRB) ,,,,,,,,,,,,,,,
9 === ,29 April 1972 ,Quarter-finals,Full time »,Italy,0-0,Belgium,Referee: Hristo Nikolov (BUL)   – Stadium: Stadio Giuseppe Meazza, Milan (ITA) ,,,,,,,,,,,,,,,
9 === ,29 April 1972 ,Quarter-finals,Full time »,Hungary,1-1,Romania,Referee: David William Smith (ENG)   – Stadium: Ferenc Puskás, Budapest (HUN) ,,,,,,,,,,,,,,,
9 === ,29 April 1972 ,Quarter-finals,Full time »,England,1-3,West Germany,Referee: Robert Helies (FRA)   – Stadium: Wembley, London (ENG) ,,,,,,,,,,,,,,,
,,,,,,,,,,,,,,,,,,,,,,,
,,,,,,,,,,,,,,,,,,,,,,,
,,,,,,,,,,,,,,,,,,,,,,,
20 === ,20 June 1976 ,Final,Full time »,Czechoslovakia,2-2,West Germany,Czechoslovakia win  5-3  on penalties, ,(,5-3p,) ,Referee,not available, ,Stadium,:,Stadion FK Crvena zvezda, ,Belgrade (SRB) ,,,,
11 === ,19 June 1976 ,Third place,Full time »,Netherlands,3-2,Yugoslavia,Netherlands win after extra time , ,Referee: Walter Hungerbühler (SUI)   – Stadium: Stadion Maksimir, Zagreb (CRO) ,,,,,,,,,,,,,
11 === ,17 June 1976 ,Semi-finals,Full time »,Yugoslavia,2-4,West Germany,West Germany win after extra time , ,Referee: Alfred Delcourt (BEL)   – Stadium: Stadion FK Crvena zvezda, Belgrade (SRB) ,,,,,,,,,,,,,
11 === ,16 June 1976 ,Semi-finals,Full time »,Czechoslovakia,3-1,Netherlands,Czechoslovakia win after extra time , ,Referee: Clive Thomas (WAL)   – Stadium: Stadion Maksimir, Zagreb (CRO) ,,,,,,,,,,,,,
19 === ,22 May 1976 ,Quarter-finals,Full time »,Wales,1-1,Yugoslavia,Aggregate: 1-3, ,(,agg,: 1-3) ,Referee,Rudi Glöckner (GER)  ,Stadium,:,Ninian Park, ,Cardiff (WAL) ,,,,,
19 === ,22 May 1976 ,Quarter-finals,Full time »,West Germany,2-0,Spain,Aggregate: 3-1, ,(,agg,: 3-1) ,Referee,Robert Wurtz (FRA)  ,Stadium,:,Olympiastadion, ,Munich (GER) ,,,,,
20 === ,22 May 1976 ,Quarter-finals,Full time »,USSR,2-2,Czechoslovakia,Aggregate: 2-4, ,(,agg,: 2-4) ,Referee,not available, ,Stadium,:,NSK Olimpiyskyi, ,Kyiv (UKR) ,,,,
19 === ,22 May 1976 ,Quarter-finals,Full time »,Belgium,1-2,Netherlands,Aggregate: 1-7, ,(,agg,: 1-7) ,Referee,Alberto Michelotti (ITA)  ,Stadium,:,King Baudouin Stadium, ,Brussels (BEL) ,,,,,
9 === ,25 April 1976 ,Quarter-finals,Full time »,Netherlands,5-0,Belgium,Referee: Jean Dubach (SUI)   – Stadium: Feijenoord Stadion, Rotterdam (NED) ,,,,,,,,,,,,,,,
14 === ,24 April 1976 ,Quarter-finals,Full time »,Yugoslavia,2-0,Wales,Referee,Paul Schiller (AUT)  ,Stadium,:,Stadion Maksimir, ,Zagreb (CRO) ,,,,,,,,,,
15 === ,24 April 1976 ,Quarter-finals,Full time »,Czechoslovakia,2-0,USSR,Referee,not available, ,Stadium,:,Tehelné Pole, ,Bratislava (SVK) ,,,,,,,,,
14 === ,24 April 1976 ,Quarter-finals,Full time »,Spain,1-1,West Germany,Referee,John Keith Taylor (ENG)  ,Stadium,:,Estadio Vicente Calderón, ,Madrid (ESP) ,,,,,,,,,,
,,,,,,,,,,,,,,,,,,,,,,,
,,,,,,,,,,,,,,,,,,,,,,,
,,,,,,,,,,,,,,,,,,,,,,,
,,,,,,,,,,,,,,,,,,,,,,,
15 === ,22 June 1980 ,Final,Full time »,Belgium,1-2,West Germany,Referee,not available, ,Stadium,:,Stadio Olimpico, ,Rome (ITA) ,,,,,,,,,
20 === ,21 June 1980 ,Third place,Full time »,Czechoslovakia,1-1,Italy,Czechoslovakia win  9-8  on penalties, ,(,9-8p,) ,Referee,not available, ,Stadium,:,Stadio San Paolo, ,Naples (ITA) ,,,,
16 === ,18 June 1980 ,Group 2   ,Full time »,Spain,1-2,England,Referee,not available, ,Stadium,:,Stadio San Paolo, ,Naples (ITA) ,,,,,,,,,
16 === ,18 June 1980 ,Group 2   ,Full time »,Italy,0-0,Belgium,Referee,not available, ,Stadium,:,Stadio Olimpico, ,Rome (ITA) ,,,,,,,,,
10 === ,17 June 1980 ,Group 1   ,Full time »,Netherlands,1-1,Czechoslovakia,Referee: Hilmi Ok (TUR)   – Stadium: Stadio Giuseppe Meazza, Milan (ITA) ,,,,,,,,,,,,,,,
10 === ,17 June 1980 ,Group 1   ,Full time »,Greece,0-0,West Germany,Referee: Brian R. Mcginlay (SCO)   – Stadium: Delle Alpi, Turin (ITA) ,,,,,,,,,,,,,,,
10 === ,15 June 1980 ,Group 2   ,Full time »,Belgium,2-1,Spain,Referee: Charles Corver (NED)   – Stadium: Stadio Giuseppe Meazza, Milan (ITA) ,,,,,,,,,,,,,,,
10 === ,15 June 1980 ,Group 2   ,Full time »,England,0-1,Italy,Referee: Nicolae Rainea (ROU)   – Stadium: Delle Alpi, Turin (ITA) ,,,,,,,,,,,,,,,
10 === ,14 June 1980 ,Group 1   ,Full time »,West Germany,3-2,Netherlands,Referee: Robert Wurtz (FRA)   – Stadium: Stadio San Paolo, Naples (ITA) ,,,,,,,,,,,,,,,
10 === ,14 June 1980 ,Group 1   ,Full time »,Greece,1-3,Czechoslovakia,Referee: Patrick Partridge (ENG)   – Stadium: Stadio Olimpico, Rome (ITA) ,,,,,,,,,,,,,,,
10 === ,12 June 1980 ,Group 2   ,Full time »,Belgium,1-1,England,Referee: Heinz Aldinger (GER)   – Stadium: Delle Alpi, Turin (ITA) ,,,,,,,,,,,,,,,
10 === ,12 June 1980 ,Group 2   ,Full time »,Spain,0-0,Italy,Referee: Károly Palotai (HUN)   – Stadium: Stadio Giuseppe Meazza, Milan (ITA) ,,,,,,,,,,,,,,,
10 === ,11 June 1980 ,Group 1   ,Full time »,Czechoslovakia,0-1,West Germany,Referee: Alberto Michelotti (ITA)   – Stadium: Stadio Olimpico, Rome (ITA) ,,,,,,,,,,,,,,,
10 === ,11 June 1980 ,Group 1   ,Full time »,Netherlands,1-0,Greece,Referee: Adolf Prokop (GER)   – Stadium: Stadio San Paolo, Naples (ITA),,,,,,,,,,,,,,,
,,,,,,,,,,,,,,,,,,,,,,,
,,,,,,,,,,,,,,,,,,,,,,,
,,,,,,,,,,,,,,,,,,,,,,,
,,,,,,,,,,,,,,,,,,,,,,,
,,,,,,,,,,,,,,,,,,,,,,,
15 === ,27 June 1984 ,Final,Full time »,France,2-0,Spain,Referee,not available, ,Stadium,:,Parc des Princes, ,Paris (FRA) ,,,,,,,,,
11 === ,24 June 1984 ,Semi-finals,Full time »,Denmark,1-1,Spain,Spain win  5-4  on penalties, ,Referee: George Courtney (ENG)   – Stadium: Stade de Gerland, Lyon (FRA) ,,,,,,,,,,,,,
11 === ,23 June 1984 ,Semi-finals,Full time »,France,3-2,Portugal,France win after extra time , ,Referee: Paolo Bergamo (ITA)   – Stadium: Stade Vélodrome, Marseille (FRA) ,,,,,,,,,,,,,
10 === ,20 June 1984 ,Group 2   ,Full time »,West Germany,0-1,Spain,Referee: Vojtech Christov (SVK)   – Stadium: Parc des Princes, Paris (FRA) ,,,,,,,,,,,,,,,
10 === ,20 June 1984 ,Group 2   ,Full time »,Portugal,1-0,Romania,Referee: Heinz Fahnler (AUT)   – Stadium: La Beaujoire, Nantes (FRA) ,,,,,,,,,,,,,,,
10 === ,19 June 1984 ,Group 1   ,Full time »,France,3-2,Yugoslavia,Referee: André Daina (SUI)   – Stadium: Geoffroy-Guichard, Saint-Etienne (FRA) ,,,,,,,,,,,,,,,
10 === ,19 June 1984 ,Group 1   ,Full time »,Denmark,3-2,Belgium,Referee: Adolf Prokop (GER)   – Stadium: La Meinau, Strasbourg (FRA) ,,,,,,,,,,,,,,,
10 === ,17 June 1984 ,Group 2   ,Full time »,West Germany,2-1,Romania,Referee: Jan N.I. Keizer (NED)   – Stadium: Stade Félix-Bollaert, Lens (FRA) ,,,,,,,,,,,,,,,
10 === ,17 June 1984 ,Group 2   ,Full time »,Portugal,1-1,Spain,Referee: Michel Vautrot (FRA)   – Stadium: Stade Vélodrome, Marseille (FRA) ,,,,,,,,,,,,,,,
10 === ,16 June 1984 ,Group 1   ,Full time »,France,5-0,Belgium,Referee: Robert B. Valentine (SCO)   – Stadium: La Beaujoire, Nantes (FRA) ,,,,,,,,,,,,,,,
10 === ,16 June 1984 ,Group 1   ,Full time »,Denmark,5-0,Yugoslavia,Referee: Augusto Lamo Castillo (ESP)   – Stadium: Stade de Gerland, Lyon (FRA) ,,,,,,,,,,,,,,,
10 === ,14 June 1984 ,Group 2   ,Full time »,West Germany,0-0,Portugal,Referee: Romualdas Yushka (URS)   – Stadium: La Meinau, Strasbourg (FRA) ,,,,,,,,,,,,,,,
10 === ,14 June 1984 ,Group 2   ,Full time »,Romania,1-1,Spain,Referee: Alexis Ponnet (BEL)   – Stadium: Geoffroy-Guichard, Saint-Etienne (FRA) ,,,,,,,,,,,,,,,
10 === ,13 June 1984 ,Group 1   ,Full time »,Belgium,2-0,Yugoslavia,Referee: Erik Fredriksson (SWE)   – Stadium: Stade Félix-Bollaert, Lens (FRA) ,,,,,,,,,,,,,,,
10 === ,12 June 1984 ,Group 1   ,Full time »,France,1-0,Denmark,Referee: Volker Roth (GER)   – Stadium: Parc des Princes, Paris (FRA) ,,,,,,,,,,,,,,,
,,,,,,,,,,,,,,,,,,,,,,,
,,,,,,,,,,,,,,,,,,,,,,,
,,,,,,,,,,,,,,,,,,,,,,,
,,,,,,,,,,,,,,,,,,,,,,,
,,,,,,,,,,,,,,,,,,,,,,,
15 === ,25 June 1988 ,Final,Full time »,USSR,0-2,Netherlands,Referee,not available, ,Stadium,:,Olympiastadion, ,Munich (GER) ,,,,,,,,,
9 === ,22 June 1988 ,Semi-finals,Full time »,USSR,2-0,Italy,Referee: Alexis Ponnet (BEL)   – Stadium: VfB Arena, Stuttgart (GER) ,,,,,,,,,,,,,,,
9 === ,21 June 1988 ,Semi-finals,Full time »,West Germany,1-2,Netherlands,Referee: Ioan Igna (ROU)   – Stadium: Volksparkstadion, Hamburg (GER) ,,,,,,,,,,,,,,,
15 === ,18 June 1988 ,Group 2   ,Full time »,England,1-3,USSR,Referee,José Rosa Dos Santos (POR)  ,Stadium,:,Waldstadion (old), ,Frankfurt am Main (GER) ,,,,,,,,,,
16 === ,18 June 1988 ,Group 2   ,Full time »,Republic of Ireland,0-1,Netherlands,Referee,not available, ,Stadium,:,Parkstadion, ,Gelsenkirchen (GER) ,,,,,,,,,
10 === ,17 June 1988 ,Group 1   ,Full time »,West Germany,2-0,Spain,Referee: Michel Vautrot (FRA)   – Stadium: Olympiastadion, Munich (GER) ,,,,,,,,,,,,,,,
10 === ,17 June 1988 ,Group 1   ,Full time »,Italy,2-0,Denmark,Referee: Bruno Galler (SUI)   – Stadium: Müngersdorfer Stadion, Cologne (GER) ,,,,,,,,,,,,,,,
15 === ,15 June 1988 ,Group 2   ,Full time »,England,1-3,Netherlands,Referee,Paolo Casarin (ITA)  ,Stadium,:,Rheinstadion, ,Dusseldorf (GER) ,,,,,,,,,,
16 === ,15 June 1988 ,Group 2   ,Full time »,Republic of Ireland,1-1,USSR,Referee,not available, ,Stadium,:,Hannover Arena, ,Hanover (GER) ,,,,,,,,,
16 === ,14 June 1988 ,Group 1   ,Full time »,West Germany,2-0,Denmark,Referee,not available, ,Stadium,:,Parkstadion, ,Gelsenkirchen (GER) ,,,,,,,,,
15 === ,14 June 1988 ,Group 1   ,Full time »,Italy,1-0,Spain,Referee,Erik Fredriksson (SWE)  ,Stadium,:,Waldstadion (old), ,Frankfurt am Main (GER) ,,,,,,,,,,
16 === ,12 June 1988 ,Group 2   ,Full time »,England,0-1,Republic of Ireland,Referee,not available, ,Stadium,:,VfB Arena, ,Stuttgart (GER) ,,,,,,,,,
15 === ,12 June 1988 ,Group 2   ,Full time »,Netherlands,0-1,USSR,Referee,Dieter Pauly (GER)  ,Stadium,:,Müngersdorfer Stadion, ,Cologne (GER) ,,,,,,,,,,
10 === ,11 June 1988 ,Group 1   ,Full time »,Denmark,2-3,Spain,Referee: Bep Thomas (NED)   – Stadium: Hannover Arena, Hanover (GER) ,,,,,,,,,,,,,,,
10 === ,10 June 1988 ,Group 1   ,Full time »,West Germany,1-1,Italy,Referee: Keith Hackett (ENG)   – Stadium: Rheinstadion, Dusseldorf (GER) ,,,,,,,,,,,,,,,
,,,,,,,,,,,,,,,,,,,,,,,
,,,,,,,,,,,,,,,,,,,,,,,
,,,,,,,,,,,,,,,,,,,,,,,
,,,,,,,,,,,,,,,,,,,,,,,
,,,,,,,,,,,,,,,,,,,,,,,
,,,,,,,,,,,,,,,,,,,,,,,
,,,,,,,,,,,,,,,,,,,,,,,
,,,,,,,,,,,,,,,,,,,,,,,
,,,,,,,,,,,,,,,,,,,,,,,
9 === ,26 June 1992 ,Final,Full time »,Denmark,2-0,Germany,Referee: Bruno Galler (SUI)   – Stadium: Ullevi, Gothenburg (SWE) ,,,,,,,,,,,,,,,
11 === ,22 June 1992 ,Semi-finals,Full time »,Netherlands,2-2,Denmark,Denmark win  5-4  on penalties, ,Referee: S. Aladran (ESP)   – Stadium: Ullevi, Gothenburg (SWE) ,,,,,,,,,,,,,
11 === ,21 June 1992 ,Semi-finals,Full time »,Sweden,2-3,Germany,Referee: ,not available,  – Stadium: Råsundastadion, Solna (SWE) ,,,,,,,,,,,,,
15 === ,18 June 1992 ,Group 2   ,Full time »,Netherlands,3-1,Germany,Referee,Pierluigi Pairetto (ITA)  ,Stadium,:,Ullevi, ,Gothenburg (SWE) ,,,,,,,,,,
16 === ,18 June 1992 ,Group 2   ,Full time »,Scotland,3-0,Commonwealth of Independent States,Referee,not available, ,Stadium,:,Norrköpings Idrottsparken, ,Norrkoping (SWE) ,,,,,,,,,
10 === ,17 June 1992 ,Group 1   ,Full time »,Sweden,2-1,England,Referee: José Rosa Dos Santos (POR)   – Stadium: Råsundastadion, Solna (SWE) ,,,,,,,,,,,,,,,
10 === ,17 June 1992 ,Group 1   ,Full time »,France,1-2,Denmark,Referee: Hubert Forstinger (AUT)   – Stadium: Malmö Idrottsplats, Malmo (SWE) ,,,,,,,,,,,,,,,
15 === ,15 June 1992 ,Group 2   ,Full time »,Scotland,0-2,Germany,Referee,Guy Goethals (BEL)  ,Stadium,:,Norrköpings Idrottsparken, ,Norrkoping (SWE) ,,,,,,,,,,
16 === ,15 June 1992 ,Group 2   ,Full time »,Netherlands,0-0,Commonwealth of Independent States,Referee,not available, ,Stadium,:,Ullevi, ,Gothenburg (SWE) ,,,,,,,,,
10 === ,14 June 1992 ,Group 1   ,Full time »,France,0-0,England,Referee: Sándor Puhl (HUN)   – Stadium: Malmö Idrottsplats, Malmo (SWE) ,,,,,,,,,,,,,,,
10 === ,14 June 1992 ,Group 1   ,Full time »,Sweden,1-0,Denmark,Referee: Aron Schmidhuber (GER)   – Stadium: Råsundastadion, Solna (SWE) ,,,,,,,,,,,,,,,
15 === ,12 June 1992 ,Group 2   ,Full time »,Netherlands,1-0,Scotland,Referee,Bo Karlsson (SWE)  ,Stadium,:,Ullevi, ,Gothenburg (SWE) ,,,,,,,,,,
16 === ,12 June 1992 ,Group 2   ,Full time »,Commonwealth of Independent States,1-1,Germany,Referee,not available, ,Stadium,:,Norrköpings Idrottsparken, ,Norrkoping (SWE) ,,,,,,,,,
10 === ,11 June 1992 ,Group 1   ,Full time »,Denmark,0-0,England,Referee: John Blankenstein (NED)   – Stadium: Malmö Idrottsplats, Malmo (SWE) ,,,,,,,,,,,,,,,
10 === ,10 June 1992 ,Group 1   ,Full time »,Sweden,1-1,France,Referee: Aleksei Spirin (RUS)   – Stadium: Råsundastadion, Solna (SWE) ,,,,,,,,,,,,,,,
,,,,,,,,,,,,,,,,,,,,,,,
,,,,,,,,,,,,,,,,,,,,,,,
,,,,,,,,,,,,,,,,,,,,,,,
,,,,,,,,,,,,,,,,,,,,,,,
,,,,,,,,,,,,,,,,,,,,,,,
11 === ,30 June 1996 ,Final,Full time »,Czech Republic,1-2,Germany,Germany win via 'Golden Goal' , ,Referee: Pierluigi Pairetto (ITA)   – Stadium: Wembley, London (ENG) ,,,,,,,,,,,,,
11 === ,26 June 1996 ,Semi-finals,Full time »,France,0-0,Czech Republic,Czech Republic win  6-5  on penalties, ,Referee: Leslie William Mottram (SCO)   – Stadium: Old Trafford, Manchester (ENG) ,,,,,,,,,,,,,
11 === ,26 June 1996 ,Semi-finals,Full time »,Germany,1-1,England,Germany win  6-5  on penalties, ,Referee: Sándor Puhl (HUN)   – Stadium: Wembley, London (ENG) ,,,,,,,,,,,,,
9 === ,23 June 1996 ,Quarter-finals,Full time »,Germany,2-1,Croatia,Referee: Leif Sundell (SWE)   – Stadium: Old Trafford, Manchester (ENG) ,,,,,,,,,,,,,,,
9 === ,23 June 1996 ,Quarter-finals,Full time »,Czech Republic,1-0,Portugal,Referee: Helmut Krug (GER)   – Stadium: Villa Park, Birmingham (ENG) ,,,,,,,,,,,,,,,
11 === ,22 June 1996 ,Quarter-finals,Full time »,Spain,0-0,England,England win  4-2  on penalties, ,Referee: Marc Batta (FRA)   – Stadium: Wembley, London (ENG) ,,,,,,,,,,,,,
11 === ,22 June 1996 ,Quarter-finals,Full time »,France,0-0,Netherlands,France win  5-4  on penalties, ,Referee: Antonio Jesus Lopez Nieto (ESP)   – Stadium: Anfield, Liverpool (ENG) ,,,,,,,,,,,,,
10 === ,19 June 1996 ,Group C,Full time »,Russia,3-3,Czech Republic,Referee: Anders Frisk (SWE)   – Stadium: Anfield, Liverpool (ENG) ,,,,,,,,,,,,,,,
10 === ,19 June 1996 ,Group C,Full time »,Italy,0-0,Germany,Referee: Guy Goethals (BEL)   – Stadium: Old Trafford, Manchester (ENG) ,,,,,,,,,,,,,,,
10 === ,19 June 1996 ,Group D,Full time »,Croatia,0-3,Portugal,Referee: Bernd Heynemann (GER)   – Stadium: City Ground, Nottingham (ENG) ,,,,,,,,,,,,,,,
10 === ,19 June 1996 ,Group D,Full time »,Turkey,0-3,Denmark,Referee: Nikolay Levnikov (RUS)   – Stadium: Hillsborough Stadium, Sheffield (ENG) ,,,,,,,,,,,,,,,
10 === ,18 June 1996 ,Group A,Full time »,Scotland,1-0,Switzerland,Referee: Vaclav Krondl (CZE)   – Stadium: Villa Park, Birmingham (ENG) ,,,,,,,,,,,,,,,
10 === ,18 June 1996 ,Group A,Full time »,Netherlands,1-4,England,Referee: Gerd Grabher (AUT)   – Stadium: Wembley, London (ENG) ,,,,,,,,,,,,,,,
10 === ,18 June 1996 ,Group B,Full time »,France,3-1,Bulgaria,Referee: Dermot Gallagher (ENG)   – Stadium: St James' Park, Newcastle (ENG) ,,,,,,,,,,,,,,,
10 === ,18 June 1996 ,Group B,Full time »,Romania,1-2,Spain,Referee: Ahmet Cakar (TUR)   – Stadium: Elland Road, Leeds (ENG) ,,,,,,,,,,,,,,,
10 === ,16 June 1996 ,Group C,Full time »,Russia,0-3,Germany,Referee: Kim Milton Nielsen (DEN)   – Stadium: Old Trafford, Manchester (ENG) ,,,,,,,,,,,,,,,
10 === ,16 June 1996 ,Group D,Full time »,Croatia,3-0,Denmark,Referee: Marc Batta (FRA)   – Stadium: Hillsborough Stadium, Sheffield (ENG) ,,,,,,,,,,,,,,,
10 === ,15 June 1996 ,Group A,Full time »,Scotland,0-2,England,Referee: Pierluigi Pairetto (ITA)   – Stadium: Wembley, London (ENG) ,,,,,,,,,,,,,,,
10 === ,15 June 1996 ,Group B,Full time »,France,1-1,Spain,Referee: Vadim Zhuk (BLR)   – Stadium: Elland Road, Leeds (ENG) ,,,,,,,,,,,,,,,
10 === ,14 June 1996 ,Group C,Full time »,Czech Republic,2-1,Italy,Referee: Antonio Jesus Lopez Nieto (ESP)   – Stadium: Anfield, Liverpool (ENG) ,,,,,,,,,,,,,,,
10 === ,14 June 1996 ,Group D,Full time »,Portugal,1-0,Turkey,Referee: Sándor Puhl (HUN)   – Stadium: City Ground, Nottingham (ENG) ,,,,,,,,,,,,,,,
15 === ,13 June 1996 ,Group A,Full time »,Switzerland,0-2,Netherlands,Referee,Atanas Ouzounov (BUL)  ,Stadium,:,Villa Park, ,Birmingham (ENG) ,,,,,,,,,,
16 === ,13 June 1996 ,Group B,Full time »,Bulgaria,1-0,Romania,Referee,not available, ,Stadium,:,St James' Park, ,Newcastle (ENG) ,,,,,,,,,
10 === ,11 June 1996 ,Group C,Full time »,Italy,2-1,Russia,Referee: Leslie William Mottram (SCO)   – Stadium: Anfield, Liverpool (ENG) ,,,,,,,,,,,,,,,
10 === ,11 June 1996 ,Group D,Full time »,Turkey,0-1,Croatia,Referee: Serge Muhmenthaler (SUI)   – Stadium: City Ground, Nottingham (ENG) ,,,,,,,,,,,,,,,
10 === ,10 June 1996 ,Group A,Full time »,Netherlands,0-0,Scotland,Referee: Leif Sundell (SWE)   – Stadium: Villa Park, Birmingham (ENG) ,,,,,,,,,,,,,,,
10 === ,10 June 1996 ,Group B,Full time »,Romania,0-1,France,Referee: Helmut Krug (GER)   – Stadium: St James' Park, Newcastle (ENG) ,,,,,,,,,,,,,,,
10 === ,9 June 1996 ,Group B,Full time »,Spain,1-1,Bulgaria,Referee: Piero Ceccarini (ITA)   – Stadium: Elland Road, Leeds (ENG) ,,,,,,,,,,,,,,,
10 === ,9 June 1996 ,Group C,Full time »,Germany,2-0,Czech Republic,Referee: David R. Elleray (ENG)   – Stadium: Old Trafford, Manchester (ENG) ,,,,,,,,,,,,,,,
10 === ,9 June 1996 ,Group D,Full time »,Denmark,1-1,Portugal,Referee: Mario van der Ende (NED)   – Stadium: Hillsborough Stadium, Sheffield (ENG) ,,,,,,,,,,,,,,,
10 === ,8 June 1996 ,Group A,Full time »,England,1-1,Switzerland,Referee: Manuel Diaz Vega (ESP)   – Stadium: Wembley, London (ENG) ,,,,,,,,,,,,,,,
,,,,,,,,,,,,,,,,,,,,,,,
,,,,,,,,,,,,,,,,,,,,,,,
,,,,,,,,,,,,,,,,,,,,,,,
,,,,,,,,,,,,,,,,,,,,,,,
,,,,,,,,,,,,,,,,,,,,,,,
,,,,,,,,,,,,,,,,,,,,,,,
,,,,,,,,,,,,,,,,,,,,,,,
,,,,,,,,,,,,,,,,,,,,,,,
18 === ,2 July 2000 ,Final,Full time »,France,2-1,Italy,France win via 'Golden Goal' , , ,Referee,not available, ,Stadium,:,Feijenoord Stadion, ,Rotterdam (NED) ,,,,,,
11 === ,29 June 2000 ,Semi-finals,Full time »,Italy,0-0,Netherlands,Italy win  3-1  on penalties, ,Referee: Markus Merk (GER)   – Stadium: Amsterdam ArenA, Amsterdam (NED) ,,,,,,,,,,,,,
11 === ,28 June 2000 ,Semi-finals,Full time »,France,2-1,Portugal,France win after extra time , ,Referee: Günter Benkö (AUT)   – Stadium: King Baudouin Stadium, Brussels (BEL) ,,,,,,,,,,,,,
9 === ,25 June 2000 ,Quarter-finals,Full time »,Netherlands,6-1,Yugoslavia,Referee: José María García-Aranda (ESP)   – Stadium: Feijenoord Stadion, Rotterdam (NED) ,,,,,,,,,,,,,,,
9 === ,25 June 2000 ,Quarter-finals,Full time »,Spain,1-2,France,Referee: Pierluigi Collina (ITA)   – Stadium: Jan Breydelstadion, Bruges (BEL) ,,,,,,,,,,,,,,,
9 === ,24 June 2000 ,Quarter-finals,Full time »,Turkey,0-2,Portugal,Referee: Dick Z.G. Jol (NED)   – Stadium: Amsterdam ArenA, Amsterdam (NED) ,,,,,,,,,,,,,,,
9 === ,24 June 2000 ,Quarter-finals,Full time »,Italy,2-0,Romania,Referee: Vítor Melo Pereira (POR)   – Stadium: King Baudouin Stadium, Brussels (BEL) ,,,,,,,,,,,,,,,
15 === ,21 June 2000 ,Group C   ,Full time »,Yugoslavia,3-4,Spain,Referee,Gilles Veissiere (FRA)  ,Stadium,:,Jan Breydelstadion, ,Bruges (BEL) ,,,,,,,,,,
16 === ,21 June 2000 ,Group C   ,Full time »,Slovenia,0-0,Norway,Referee,not available, ,Stadium,:,Gelredome, ,Arnhem (NED) ,,,,,,,,,
15 === ,21 June 2000 ,Group D   ,Full time »,Denmark,0-2,Czech Republic,Referee,Gamal El Ghandour (EGY)  ,Stadium,:,Stade Maurice Dufrasne, ,Liege (BEL) ,,,,,,,,,,
15 === ,21 June 2000 ,Group D   ,Full time »,France,2-3,Netherlands,Referee,Anders Frisk (SWE)  ,Stadium,:,Amsterdam ArenA, ,Amsterdam (NED) ,,,,,,,,,,
10 === ,20 June 2000 ,Group A   ,Full time »,England,2-3,Romania,Referee: Urs Meier (SUI)   – Stadium: Pays de Charleroi, Charleroi (BEL) ,,,,,,,,,,,,,,,
10 === ,20 June 2000 ,Group A   ,Full time »,Portugal,3-0,Germany,Referee: Dick Z.G. Jol (NED)   – Stadium: Feijenoord Stadion, Rotterdam (NED) ,,,,,,,,,,,,,,,
16 === ,19 June 2000 ,Group B   ,Full time »,Turkey,2-0,Belgium,Referee,not available, ,Stadium,:,King Baudouin Stadium, ,Brussels (BEL) ,,,,,,,,,
15 === ,19 June 2000 ,Group B   ,Full time »,Italy,2-1,Sweden,Referee,Vítor Melo Pereira (POR)  ,Stadium,:,PSV Stadion, ,Eindhoven (NED) ,,,,,,,,,,
16 === ,18 June 2000 ,Group C   ,Full time »,Slovenia,1-2,Spain,Referee,not available, ,Stadium,:,Amsterdam ArenA, ,Amsterdam (NED) ,,,,,,,,,
16 === ,18 June 2000 ,Group C   ,Full time »,Norway,0-1,Yugoslavia,Referee,not available, ,Stadium,:,Stade Maurice Dufrasne, ,Liege (BEL) ,,,,,,,,,
10 === ,17 June 2000 ,Group A   ,Full time »,Romania,0-1,Portugal,Referee: Gilles Veissiere (FRA)   – Stadium: Gelredome, Arnhem (NED) ,,,,,,,,,,,,,,,
10 === ,17 June 2000 ,Group A   ,Full time »,England,1-0,Germany,Referee: Pierluigi Collina (ITA)   – Stadium: Pays de Charleroi, Charleroi (BEL) ,,,,,,,,,,,,,,,
10 === ,16 June 2000 ,Group D   ,Full time »,Czech Republic,1-2,France,Referee: Graham Poll (ENG)   – Stadium: Jan Breydelstadion, Bruges (BEL) ,,,,,,,,,,,,,,,
10 === ,16 June 2000 ,Group D   ,Full time »,Denmark,0-3,Netherlands,Referee: Urs Meier (SUI)   – Stadium: Feijenoord Stadion, Rotterdam (NED) ,,,,,,,,,,,,,,,
10 === ,15 June 2000 ,Group B   ,Full time »,Sweden,0-0,Turkey,Referee: Dick Z.G. Jol (NED)   – Stadium: PSV Stadion, Eindhoven (NED) ,,,,,,,,,,,,,,,
16 === ,14 June 2000 ,Group B   ,Full time »,Italy,2-0,Belgium,Referee,not available, ,Stadium,:,King Baudouin Stadium, ,Brussels (BEL) ,,,,,,,,,
16 === ,13 June 2000 ,Group C   ,Full time »,Spain,0-1,Norway,Referee,not available, ,Stadium,:,Feijenoord Stadion, ,Rotterdam (NED) ,,,,,,,,,
16 === ,13 June 2000 ,Group C   ,Full time »,Yugoslavia,3-3,Slovenia,Referee,not available, ,Stadium,:,Pays de Charleroi, ,Charleroi (BEL) ,,,,,,,,,
10 === ,12 June 2000 ,Group A   ,Full time »,Germany,1-1,Romania,Referee: Kim Milton Nielsen (DEN)   – Stadium: Stade Maurice Dufrasne, Liege (BEL) ,,,,,,,,,,,,,,,
10 === ,12 June 2000 ,Group A   ,Full time »,Portugal,3-2,England,Referee: Anders Frisk (SWE)   – Stadium: PSV Stadion, Eindhoven (NED) ,,,,,,,,,,,,,,,
10 === ,11 June 2000 ,Group B   ,Full time »,Turkey,1-2,Italy,Referee: Hugh Dallas (SCO)   – Stadium: Gelredome, Arnhem (NED) ,,,,,,,,,,,,,,,
10 === ,11 June 2000 ,Group D   ,Full time »,France,3-0,Denmark,Referee: Günter Benkö (AUT)   – Stadium: Jan Breydelstadion, Bruges (BEL) ,,,,,,,,,,,,,,,
10 === ,11 June 2000 ,Group D   ,Full time »,Netherlands,1-0,Czech Republic,Referee: Pierluigi Collina (ITA)   – Stadium: Amsterdam ArenA, Amsterdam (NED) ,,,,,,,,,,,,,,,
16 === ,10 June 2000 ,Group B   ,Full time »,Belgium,2-1,Sweden,Referee,not available, ,Stadium,:,King Baudouin Stadium, ,Brussels (BEL) ,,,,,,,,,
,,,,,,,,,,,,,,,,,,,,,,,
,,,,,,,,,,,,,,,,,,,,,,,
,,,,,,,,,,,,,,,,,,,,,,,
,,,,,,,,,,,,,,,,,,,,,,,
,,,,,,,,,,,,,,,,,,,,,,,
,,,,,,,,,,,,,,,,,,,,,,,
9 === ,4 July 2004 ,Final,Full time »,Portugal,0-1,Greece,Referee: Markus Merk (GER)   – Stadium: Estádio do Sport Lisboa e Benfica, Lisbon (POR) ,,,,,,,,,,,,,,,
11 === ,1 July 2004 ,Semi-finals,Full time »,Greece,1-0,Czech Republic,Greece win on silver goal , ,Referee: Pierluigi Collina (ITA)   – Stadium: Estádio do Dragão, Porto (POR) ,,,,,,,,,,,,,
9 === ,30 June 2004 ,Semi-finals,Full time »,Portugal,2-1,Netherlands,Referee: Anders Frisk (SWE)   – Stadium: José Alvalade, Lisbon (POR) ,,,,,,,,,,,,,,,
9 === ,27 June 2004 ,Quarter-finals,Full time »,Czech Republic,3-0,Denmark,Referee: Valentin Ivanov (RUS)   – Stadium: Estádio do Dragão, Porto (POR) ,,,,,,,,,,,,,,,
20 === ,26 June 2004 ,Quarter-finals,Full time »,Sweden,0-0,Netherlands,Netherlands win  5-4  on penalties, ,(,4-5p,) ,Referee,not available, ,Stadium,:,Estádio Algarve, ,Faro-Loule (POR) ,,,,
19 === ,26 June 2004 ,Quarter-finals,Full time »,Sweden,0-0,Netherlands,Netherlands win  5-4  on penalties, ,(,4-5p,) ,Referee,Ľuboš Michel (SVK)  ,Stadium,:,Estádio Algarve, ,Faro-Loule (POR) ,,,,,
9 === ,25 June 2004 ,Quarter-finals,Full time »,France,0-1,Greece,Referee: Anders Frisk (SWE)   – Stadium: José Alvalade, Lisbon (POR) ,,,,,,,,,,,,,,,
11 === ,24 June 2004 ,Quarter-finals,Full time »,Portugal,2-2,England,Portugal win  6-5  on penalties, ,Referee: Urs Meier (SUI)   – Stadium: Estádio do Sport Lisboa e Benfica, Lisbon (POR) ,,,,,,,,,,,,,
10 === ,23 June 2004 ,Group D   ,Full time »,Netherlands,3-0,Latvia,Referee: Kim Milton Nielsen (DEN)   – Stadium: Estádio Municipal de Braga, Braga (POR) ,,,,,,,,,,,,,,,
10 === ,23 June 2004 ,Group D   ,Full time »,Germany,1-2,Czech Republic,Referee: Terje Hauge (NOR)   – Stadium: José Alvalade, Lisbon (POR) ,,,,,,,,,,,,,,,
10 === ,22 June 2004 ,Group C   ,Full time »,Italy,2-1,Bulgaria,Referee: Valentin Ivanov (RUS)   – Stadium: Estádio D. Afonso Henriques, Guimaraes (POR) ,,,,,,,,,,,,,,,
10 === ,22 June 2004 ,Group C   ,Full time »,Denmark,2-2,Sweden,Referee: Markus Merk (GER)   – Stadium: Bessa XXI, Porto (POR) ,,,,,,,,,,,,,,,
10 === ,21 June 2004 ,Group B   ,Full time »,Switzerland,1-3,France,Referee: Ľuboš Michel (SVK)   – Stadium: Cidade de Coimbra, Coimbra (POR) ,,,,,,,,,,,,,,,
10 === ,21 June 2004 ,Group B   ,Full time »,Croatia,2-4,England,Referee: Pierluigi Collina (ITA)   – Stadium: Estádio do Sport Lisboa e Benfica, Lisbon (POR) ,,,,,,,,,,,,,,,
10 === ,20 June 2004 ,Group A   ,Full time »,Spain,0-1,Portugal,Referee: Anders Frisk (SWE)   – Stadium: José Alvalade, Lisbon (POR) ,,,,,,,,,,,,,,,
10 === ,20 June 2004 ,Group A   ,Full time »,Russia,2-1,Greece,Referee: Gilles Veissiere (FRA)   – Stadium: Estádio Algarve, Faro-Loule (POR) ,,,,,,,,,,,,,,,
10 === ,19 June 2004 ,Group D   ,Full time »,Latvia,0-0,Germany,Referee: Mike Riley (ENG)   – Stadium: Bessa XXI, Porto (POR) ,,,,,,,,,,,,,,,
10 === ,19 June 2004 ,Group D   ,Full time »,Netherlands,2-3,Czech Republic,Referee: Manuel Mejuto González (ESP)   – Stadium: Municipal, Aveiro (POR) ,,,,,,,,,,,,,,,
10 === ,18 June 2004 ,Group C   ,Full time »,Bulgaria,0-2,Denmark,Referee: Lucilio Cardoso Cortez Batista (POR)   – Stadium: Estádio Municipal de Braga, Braga (POR) ,,,,,,,,,,,,,,,
10 === ,18 June 2004 ,Group C   ,Full time »,Italy,1-1,Sweden,Referee: Urs Meier (SUI)   – Stadium: Estádio do Dragão, Porto (POR) ,,,,,,,,,,,,,,,
10 === ,17 June 2004 ,Group B   ,Full time »,England,3-0,Switzerland,Referee: Valentin Ivanov (RUS)   – Stadium: Cidade de Coimbra, Coimbra (POR) ,,,,,,,,,,,,,,,
10 === ,17 June 2004 ,Group B   ,Full time »,Croatia,2-2,France,Referee: Kim Milton Nielsen (DEN)   – Stadium: Dr. Magalhães Pessoa, Leiria (POR) ,,,,,,,,,,,,,,,
10 === ,16 June 2004 ,Group A   ,Full time »,Greece,1-1,Spain,Referee: Ľuboš Michel (SVK)   – Stadium: Bessa XXI, Porto (POR) ,,,,,,,,,,,,,,,
10 === ,16 June 2004 ,Group A   ,Full time »,Russia,0-2,Portugal,Referee: Terje Hauge (NOR)   – Stadium: Estádio do Sport Lisboa e Benfica, Lisbon (POR) ,,,,,,,,,,,,,,,
10 === ,15 June 2004 ,Group D   ,Full time »,Czech Republic,2-1,Latvia,Referee: Gilles Veissiere (FRA)   – Stadium: Municipal, Aveiro (POR) ,,,,,,,,,,,,,,,
10 === ,15 June 2004 ,Group D   ,Full time »,Germany,1-1,Netherlands,Referee: Anders Frisk (SWE)   – Stadium: Estádio do Dragão, Porto (POR) ,,,,,,,,,,,,,,,
10 === ,14 June 2004 ,Group C   ,Full time »,Denmark,0-0,Italy,Referee: Manuel Mejuto González (ESP)   – Stadium: Estádio D. Afonso Henriques, Guimaraes (POR) ,,,,,,,,,,,,,,,
10 === ,14 June 2004 ,Group C   ,Full time »,Sweden,5-0,Bulgaria,Referee: Mike Riley (ENG)   – Stadium: José Alvalade, Lisbon (POR) ,,,,,,,,,,,,,,,
10 === ,13 June 2004 ,Group B   ,Full time »,Switzerland,0-0,Croatia,Referee: Lucilio Cardoso Cortez Batista (POR)   – Stadium: Dr. Magalhães Pessoa, Leiria (POR) ,,,,,,,,,,,,,,,
10 === ,13 June 2004 ,Group B   ,Full time »,France,2-1,England,Referee: Markus Merk (GER)   – Stadium: Estádio do Sport Lisboa e Benfica, Lisbon (POR) ,,,,,,,,,,,,,,,
,,,,,,,,,,,,,,,,,,,,,,,
,,,,,,,,,,,,,,,,,,,,,,,
,,,,,,,,,,,,,,,,,,,,,,,
,,,,,,,,,,,,,,,,,,,,,,,
,,,,,,,,,,,,,,,,,,,,,,,
,,,,,,,,,,,,,,,,,,,,,,,
,,,,,,,,,,,,,,,,,,,,,,,
,,,,,,,,,,,,,,,,,,,,,,,
9 === ,29 June 2008 ,Final,Full time »,Germany,0-1,Spain,Referee: Roberto Rosetti (ITA)   – Stadium: Ernst-Happel-Stadion, Vienna (AUT) ,,,,,,,,,,,,,,,
9 === ,26 June 2008 ,Semi-finals,Full time »,Russia,0-3,Spain,Referee: Frank De Bleeckere (BEL)   – Stadium: Ernst-Happel-Stadion, Vienna (AUT) ,,,,,,,,,,,,,,,
9 === ,25 June 2008 ,Semi-finals,Full time »,Germany,3-2,Turkey,Referee: Massimo Busacca (SUI)   – Stadium: St. Jakob-Park, Basel (SUI) ,,,,,,,,,,,,,,,
11 === ,22 June 2008 ,Quarter-finals,Full time »,Spain,0-0,Italy,Spain win  4-2  on penalties, ,Referee: Herbert Fandel (GER)   – Stadium: Ernst-Happel-Stadion, Vienna (AUT) ,,,,,,,,,,,,,
11 === ,21 June 2008 ,Quarter-finals,Full time »,Netherlands,1-3,Russia,Russia win after extra time , ,Referee: Ľuboš Michel (SVK)   – Stadium: St. Jakob-Park, Basel (SUI) ,,,,,,,,,,,,,
11 === ,20 June 2008 ,Quarter-finals,Full time »,Croatia,1-1,Turkey,Turkey win  3-1  on penalties, ,Referee: Roberto Rosetti (ITA)   – Stadium: Ernst-Happel-Stadion, Vienna (AUT) ,,,,,,,,,,,,,
9 === ,19 June 2008 ,Quarter-finals,Full time »,Portugal,2-3,Germany,Referee: Peter Fröjdfeldt (SWE)   – Stadium: St. Jakob-Park, Basel (SUI) ,,,,,,,,,,,,,,,
9 === ,18 June 2008 ,Final tournament - Group stage,Full time »,Greece,1-2,Spain,Referee: Howard Webb (ENG)   – Stadium: Stadion Salzburg, Salzburg (AUT) ,,,,,,,,,,,,,,,
9 === ,18 June 2008 ,Final tournament - Group stage,Full time »,Russia,2-0,Sweden,Referee: Frank De Bleeckere (BEL)   – Stadium: Tivoli Neu, Innsbruck (AUT) ,,,,,,,,,,,,,,,
9 === ,17 June 2008 ,Final tournament - Group stage,Full time »,Netherlands,2-0,Romania,Referee: Massimo Busacca (SUI)   – Stadium: Stade de Suisse, Berne (SUI) ,,,,,,,,,,,,,,,
9 === ,17 June 2008 ,Final tournament - Group stage,Full time »,France,0-2,Italy,Referee: Ľuboš Michel (SVK)   – Stadium: Stadion Letzigrund, Zurich (SUI) ,,,,,,,,,,,,,,,
9 === ,16 June 2008 ,Final tournament - Group stage,Full time »,Austria,0-1,Germany,Referee: Manuel Mejuto González (ESP)   – Stadium: Ernst-Happel-Stadion, Vienna (AUT) ,,,,,,,,,,,,,,,
9 === ,16 June 2008 ,Final tournament - Group stage,Full time »,Poland,0-1,Croatia,Referee: Kyros Vassaras (GRE)   – Stadium: Wörthersee, Klagenfurt (AUT) ,,,,,,,,,,,,,,,
11 === ,15 June 2008 ,Final tournament - Group stage,Full time »,Switzerland,2-0,Portugal,Referee: ,not available,  – Stadium: St. Jakob-Park, Basel (SUI) ,,,,,,,,,,,,,
9 === ,15 June 2008 ,Final tournament - Group stage,Full time »,Turkey,3-2,Czech Republic,Referee: Peter Fröjdfeldt (SWE)   – Stadium: Stade de Genève, Geneva (SUI) ,,,,,,,,,,,,,,,
9 === ,14 June 2008 ,Final tournament - Group stage,Full time »,Sweden,1-2,Spain,Referee: Pieter Vink (NED)   – Stadium: Tivoli Neu, Innsbruck (AUT) ,,,,,,,,,,,,,,,
9 === ,14 June 2008 ,Final tournament - Group stage,Full time »,Greece,0-1,Russia,Referee: Roberto Rosetti (ITA)   – Stadium: Stadion Salzburg, Salzburg (AUT) ,,,,,,,,,,,,,,,
9 === ,13 June 2008 ,Final tournament - Group stage,Full time »,Italy,1-1,Romania,Referee: Tom Henning Øvrebø (NOR)   – Stadium: Stadion Letzigrund, Zurich (SUI) ,,,,,,,,,,,,,,,
9 === ,13 June 2008 ,Final tournament - Group stage,Full time »,Netherlands,4-1,France,Referee: Herbert Fandel (GER)   – Stadium: Stade de Suisse, Berne (SUI) ,,,,,,,,,,,,,,,
9 === ,12 June 2008 ,Final tournament - Group stage,Full time »,Croatia,2-1,Germany,Referee: Frank De Bleeckere (BEL)   – Stadium: Wörthersee, Klagenfurt (AUT) ,,,,,,,,,,,,,,,
9 === ,12 June 2008 ,Final tournament - Group stage,Full time »,Austria,1-1,Poland,Referee: Howard Webb (ENG)   – Stadium: Ernst-Happel-Stadion, Vienna (AUT) ,,,,,,,,,,,,,,,
9 === ,11 June 2008 ,Final tournament - Group stage,Full time »,Czech Republic,1-3,Portugal,Referee: Kyros Vassaras (GRE)   – Stadium: Stade de Genève, Geneva (SUI) ,,,,,,,,,,,,,,,
11 === ,11 June 2008 ,Final tournament - Group stage,Full time »,Switzerland,1-2,Turkey,Referee: ,not available,  – Stadium: St. Jakob-Park, Basel (SUI) ,,,,,,,,,,,,,
9 === ,10 June 2008 ,Final tournament - Group stage,Full time »,Spain,4-1,Russia,Referee: Konrad Plautz (AUT)   – Stadium: Tivoli Neu, Innsbruck (AUT) ,,,,,,,,,,,,,,,
9 === ,10 June 2008 ,Final tournament - Group stage,Full time »,Greece,0-2,Sweden,Referee: Massimo Busacca (SUI)   – Stadium: Stadion Salzburg, Salzburg (AUT) ,,,,,,,,,,,,,,,
9 === ,9 June 2008 ,Final tournament - Group stage,Full time »,Romania,0-0,France,Referee: Manuel Mejuto González (ESP)   – Stadium: Stadion Letzigrund, Zurich (SUI) ,,,,,,,,,,,,,,,
9 === ,9 June 2008 ,Final tournament - Group stage,Full time »,Netherlands,3-0,Italy,Referee: Peter Fröjdfeldt (SWE)   – Stadium: Stade de Suisse, Berne (SUI) ,,,,,,,,,,,,,,,
9 === ,8 June 2008 ,Final tournament - Group stage,Full time »,Austria,0-1,Croatia,Referee: Pieter Vink (NED)   – Stadium: Ernst-Happel-Stadion, Vienna (AUT) ,,,,,,,,,,,,,,,
9 === ,8 June 2008 ,Final tournament - Group stage,Full time »,Germany,2-0,Poland,Referee: Tom Henning Øvrebø (NOR)   – Stadium: Wörthersee, Klagenfurt (AUT) ,,,,,,,,,,,,,,,
11 === ,7 June 2008 ,Final tournament - Group stage,Full time »,Switzerland,0-1,Czech Republic,Referee: ,not available,  – Stadium: St. Jakob-Park, Basel (SUI) ,,,,,,,,,,,,,
9 === ,7 June 2008 ,Final tournament - Group stage,Full time »,Portugal,2-0,Turkey,Referee: Herbert Fandel (GER)   – Stadium: Stade de Genève, Geneva (SUI) ,,,,,,,,,,,,,,,
,,,,,,,,,,,,,,,,,,,,,,,
,,,,,,,,,,,,,,,,,,,,,,,
,,,,,,,,,,,,,,,,,,,,,,,
,,,,,,,,,,,,,,,,,,,,,,,
,,,,,,,,,,,,,,,,,,,,,,,
,,,,,,,,,,,,,,,,,,,,,,,
11 === ,1 July 2012 ,Final,Full time »,Spain,4-0,Italy,Referee: ,not available,  – Stadium: NSK Olimpiyskyi, Kyiv (UKR) ,,,,,,,,,,,,,
9 === ,28 June 2012 ,Semi-finals,Full time »,Germany,1-2,Italy,Referee: Stéphane Lannoy (FRA)   – Stadium: Stadion Narodowy, Warsaw (POL) ,,,,,,,,,,,,,,,
11 === ,27 June 2012 ,Semi-finals,Full time »,Portugal,0-0,Spain,Spain win  4-2  on penalties, ,Referee: Cüneyt Çakır (TUR)   – Stadium: Donbass Arena, Donetsk (UKR) ,,,,,,,,,,,,,
11 === ,24 June 2012 ,Quarter-finals,Full time »,England,0-0,Italy,Italy win  4-2  on penalties, ,Referee: Pedro Proença (POR)   – Stadium: NSK Olimpiyskyi, Kyiv (UKR) ,,,,,,,,,,,,,
9 === ,23 June 2012 ,Quarter-finals,Full time »,Spain,2-0,France,Referee: Nicola Rizzoli (ITA)   – Stadium: Donbass Arena, Donetsk (UKR) ,,,,,,,,,,,,,,,
9 === ,22 June 2012 ,Quarter-finals,Full time »,Germany,4-2,Greece,Referee: Damir Skomina (SVN)   – Stadium: Arena Gdansk, Gdansk (POL) ,,,,,,,,,,,,,,,
9 === ,21 June 2012 ,Quarter-finals,Full time »,Czech Republic,0-1,Portugal,Referee: Howard Webb (ENG)   – Stadium: Stadion Narodowy, Warsaw (POL) ,,,,,,,,,,,,,,,
10 === ,19 June 2012 ,Group D,Full time »,Sweden,2-0,France,Referee: Pedro Proença (POR)   – Stadium: NSK Olimpiyskyi, Kyiv (UKR) ,,,,,,,,,,,,,,,
10 === ,19 June 2012 ,Group D,Full time »,England,1-0,Ukraine,Referee: Viktor Kassai (HUN)   – Stadium: Donbass Arena, Donetsk (UKR) ,,,,,,,,,,,,,,,
10 === ,18 June 2012 ,Group C,Full time »,Croatia,0-1,Spain,Referee: Wolfgang Stark (GER)   – Stadium: Arena Gdansk, Gdansk (POL) ,,,,,,,,,,,,,,,
10 === ,18 June 2012 ,Group C,Full time »,Italy,2-0,Republic of Ireland,Referee: Cüneyt Çakır (TUR)   – Stadium: Municipal Stadium Poznan, Poznan (POL) ,,,,,,,,,,,,,,,
16 === ,17 June 2012 ,Group B,Full time »,Portugal,2-1,Netherlands,Referee,not available, ,Stadium,:,Metalist Stadium, ,Kharkiv (UKR) ,,,,,,,,,
15 === ,17 June 2012 ,Group B,Full time »,Denmark,1-2,Germany,Referee,Carlos Velasco Carballo (ESP)  ,Stadium,:,Arena Lviv, ,Lviv (UKR) ,,,,,,,,,,
10 === ,16 June 2012 ,Group A,Full time »,Greece,1-0,Russia,Referee: Jonas Eriksson (SWE)   – Stadium: Stadion Narodowy, Warsaw (POL) ,,,,,,,,,,,,,,,
10 === ,16 June 2012 ,Group A,Full time »,Czech Republic,1-0,Poland,Referee: Craig Thomson (SCO)   – Stadium: Municipal Stadium Wroclaw, Wroclaw (POL) ,,,,,,,,,,,,,,,
10 === ,15 June 2012 ,Group D,Full time »,Ukraine,0-2,France,Referee: Björn Kuipers (NED)   – Stadium: Donbass Arena, Donetsk (UKR) ,,,,,,,,,,,,,,,
10 === ,15 June 2012 ,Group D,Full time »,Sweden,2-3,England,Referee: Damir Skomina (SVN)   – Stadium: NSK Olimpiyskyi, Kyiv (UKR) ,,,,,,,,,,,,,,,
10 === ,14 June 2012 ,Group C,Full time »,Italy,1-1,Croatia,Referee: Howard Webb (ENG)   – Stadium: Municipal Stadium Poznan, Poznan (POL) ,,,,,,,,,,,,,,,
10 === ,14 June 2012 ,Group C,Full time »,Spain,4-0,Republic of Ireland,Referee: Pedro Proença (POR)   – Stadium: Arena Gdansk, Gdansk (POL) ,,,,,,,,,,,,,,,
10 === ,13 June 2012 ,Group B,Full time »,Denmark,2-3,Portugal,Referee: Craig Thomson (SCO)   – Stadium: Arena Lviv, Lviv (UKR) ,,,,,,,,,,,,,,,
10 === ,13 June 2012 ,Group B,Full time »,Netherlands,1-2,Germany,Referee: Jonas Eriksson (SWE)   – Stadium: Metalist Stadium, Kharkiv (UKR) ,,,,,,,,,,,,,,,
10 === ,12 June 2012 ,Group A,Full time »,Greece,1-2,Czech Republic,Referee: Stéphane Lannoy (FRA)   – Stadium: Municipal Stadium Wroclaw, Wroclaw (POL) ,,,,,,,,,,,,,,,
10 === ,12 June 2012 ,Group A,Full time »,Poland,1-1,Russia,Referee: Wolfgang Stark (GER)   – Stadium: Stadion Narodowy, Warsaw (POL) ,,,,,,,,,,,,,,,
10 === ,11 June 2012 ,Group D,Full time »,France,1-1,England,Referee: Nicola Rizzoli (ITA)   – Stadium: Donbass Arena, Donetsk (UKR) ,,,,,,,,,,,,,,,
10 === ,11 June 2012 ,Group D,Full time »,Ukraine,2-1,Sweden,Referee: Cüneyt Çakır (TUR)   – Stadium: NSK Olimpiyskyi, Kyiv (UKR) ,,,,,,,,,,,,,,,
10 === ,10 June 2012 ,Group C,Full time »,Spain,1-1,Italy,Referee: Viktor Kassai (HUN)   – Stadium: Arena Gdansk, Gdansk (POL) ,,,,,,,,,,,,,,,
10 === ,10 June 2012 ,Group C,Full time »,Republic of Ireland,1-3,Croatia,Referee: Björn Kuipers (NED)   – Stadium: Municipal Stadium Poznan, Poznan (POL) ,,,,,,,,,,,,,,,
10 === ,9 June 2012 ,Group B,Full time »,Netherlands,0-1,Denmark,Referee: Damir Skomina (SVN)   – Stadium: Metalist Stadium, Kharkiv (UKR) ,,,,,,,,,,,,,,,
10 === ,9 June 2012 ,Group B,Full time »,Germany,1-0,Portugal,Referee: Stéphane Lannoy (FRA)   – Stadium: Arena Lviv, Lviv (UKR) ,,,,,,,,,,,,,,,
10 === ,8 June 2012 ,Group A,Full time »,Poland,1-1,Greece,Referee: Carlos Velasco Carballo (ESP)   – Stadium: Stadion Narodowy, Warsaw (POL) ,,,,,,,,,,,,,,,
10 === ,8 June 2012 ,Group A,Full time »,Russia,4-1,Czech Republic,Referee: Howard Webb (ENG)   – Stadium: Municipal Stadium Wroclaw, Wroclaw (POL) ,,,,,,,,,,,,,,,
